{
    "weights": [
        [
            [
                10.211093936390597,
                -10.590365850208807
            ],
            [
                10.874086962943487,
                -10.495169124730397
            ]
        ],
        [
            [
                7.781519782832459,
                -7.548106498737498
            ]
        ]
    ],
    "biases": [
        [
            [
                -5.263604699113145
            ],
            [
                5.315892819727473
            ]
        ],
        [
            [
                3.646161527521759
            ]
        ]
    ],
    "structure": [
        2,
        2,
        1
    ],
    "lr": 0.2
}